idna_subject,checker_type,destination,source,tested_at,session_id
000.gaysexe.free.fr,AVAILABILITY,domains.list,domains.list,2025-04-28 08:01:56.292233+00:00,b2f3712c0d67a1c61745dfa4
000free.us,AVAILABILITY,domains.list,domains.list,2025-04-28 08:02:09.601302+00:00,b2f3712c0d67a1c61745dfa4
000tristanprod.free.fr,AVAILABILITY,domains.list,domains.list,2025-04-28 08:02:10.905779+00:00,b2f3712c0d67a1c61745dfa4
007angels.com,AVAILABILITY,domains.list,domains.list,2025-04-28 08:02:11.797747+00:00,b2f3712c0d67a1c61745dfa4
00author.com,AVAILABILITY,domains.list,domains.list,2025-04-28 08:02:12.144179+00:00,b2f3712c0d67a1c61745dfa4
00go.com,AVAILABILITY,domains.list,domains.list,2025-04-28 08:02:12.528684+00:00,b2f3712c0d67a1c61745dfa4
00it.com,AVAILABILITY,domains.list,domains.list,2025-04-28 08:02:12.790256+00:00,b2f3712c0d67a1c61745dfa4
00sexus.com,AVAILABILITY,domains.list,domains.list,2025-04-28 08:02:14.520735+00:00,b2f3712c0d67a1c61745dfa4
00webcams.com,AVAILABILITY,domains.list,domains.list,2025-04-28 08:02:24.942661+00:00,b2f3712c0d67a1c61745dfa4
01-sex-amateur.info,AVAILABILITY,domains.list,domains.list,2025-04-28 08:02:25.091250+00:00,b2f3712c0d67a1c61745dfa4
017gj.com,AVAILABILITY,domains.list,domains.list,2025-04-28 08:02:25.209255+00:00,b2f3712c0d67a1c61745dfa4
01apple.com,AVAILABILITY,domains.list,domains.list,2025-04-28 08:02:31.267016+00:00,b2f3712c0d67a1c61745dfa4
03e.info,AVAILABILITY,domains.list,domains.list,2025-04-28 08:02:31.547212+00:00,b2f3712c0d67a1c61745dfa4
03p.info,AVAILABILITY,domains.list,domains.list,2025-04-28 08:02:32.530017+00:00,b2f3712c0d67a1c61745dfa4
07634.com,AVAILABILITY,domains.list,domains.list,2025-04-28 08:02:35.785142+00:00,b2f3712c0d67a1c61745dfa4
09zyy.com,AVAILABILITY,domains.list,domains.list,2025-04-28 08:02:35.994785+00:00,b2f3712c0d67a1c61745dfa4
0azx1.com,AVAILABILITY,domains.list,domains.list,2025-04-28 08:02:36.116791+00:00,b2f3712c0d67a1c61745dfa4
0dax.com,AVAILABILITY,domains.list,domains.list,2025-04-28 08:02:38.818270+00:00,b2f3712c0d67a1c61745dfa4
0lovespells0.blogspot.com,AVAILABILITY,domains.list,domains.list,2025-04-28 08:02:39.559289+00:00,b2f3712c0d67a1c61745dfa4
0m4.ru,AVAILABILITY,domains.list,domains.list,2025-04-28 08:02:50.195914+00:00,b2f3712c0d67a1c61745dfa4
0n-line.tv,AVAILABILITY,domains.list,domains.list,2025-04-28 08:02:51.152193+00:00,b2f3712c0d67a1c61745dfa4
0q2.sitey.me,AVAILABILITY,domains.list,domains.list,2025-04-28 08:02:52.418525+00:00,b2f3712c0d67a1c61745dfa4
1-free-share-buttons.com,AVAILABILITY,domains.list,domains.list,2025-04-28 08:02:52.860044+00:00,b2f3712c0d67a1c61745dfa4
1-pregnant-sex.com,AVAILABILITY,domains.list,domains.list,2025-04-28 08:02:53.533300+00:00,b2f3712c0d67a1c61745dfa4
10000hai.com,AVAILABILITY,domains.list,domains.list,2025-04-28 08:02:53.744721+00:00,b2f3712c0d67a1c61745dfa4
10000verges.free.fr,AVAILABILITY,domains.list,domains.list,2025-04-28 08:02:55.024854+00:00,b2f3712c0d67a1c61745dfa4
1000bannerx.free.fr,AVAILABILITY,domains.list,domains.list,2025-04-28 08:02:56.173637+00:00,b2f3712c0d67a1c61745dfa4
1000cumshots.com,AVAILABILITY,domains.list,domains.list,2025-04-28 08:02:56.291812+00:00,b2f3712c0d67a1c61745dfa4
1000lashes.com,AVAILABILITY,domains.list,domains.list,2025-04-28 08:02:56.542824+00:00,b2f3712c0d67a1c61745dfa4
1000russianwomen.com,AVAILABILITY,domains.list,domains.list,2025-04-28 08:02:56.854227+00:00,b2f3712c0d67a1c61745dfa4
1001lingerie.com,AVAILABILITY,domains.list,domains.list,2025-04-28 08:02:56.975117+00:00,b2f3712c0d67a1c61745dfa4
100dollars-seo.com,AVAILABILITY,domains.list,domains.list,2025-04-28 08:02:57.743217+00:00,b2f3712c0d67a1c61745dfa4
100filles.free.fr,AVAILABILITY,domains.list,domains.list,2025-04-28 08:02:58.821162+00:00,b2f3712c0d67a1c61745dfa4
100shemales.com,AVAILABILITY,domains.list,domains.list,2025-04-28 08:02:58.937765+00:00,b2f3712c0d67a1c61745dfa4
101billion.com,AVAILABILITY,domains.list,domains.list,2025-04-28 08:02:59.070991+00:00,b2f3712c0d67a1c61745dfa4
101flag.ru,AVAILABILITY,domains.list,domains.list,2025-04-28 08:03:00.034312+00:00,b2f3712c0d67a1c61745dfa4
101raccoon.ru,AVAILABILITY,domains.list,domains.list,2025-04-28 08:03:00.363749+00:00,b2f3712c0d67a1c61745dfa4
108shot.com,AVAILABILITY,domains.list,domains.list,2025-04-28 08:03:01.182665+00:00,b2f3712c0d67a1c61745dfa4
11-15.net,AVAILABILITY,domains.list,domains.list,2025-04-28 08:03:01.302304+00:00,b2f3712c0d67a1c61745dfa4
11235813.webzdarma.cz,AVAILABILITY,domains.list,domains.list,2025-04-28 08:03:02.210023+00:00,b2f3712c0d67a1c61745dfa4
12.com,AVAILABILITY,domains.list,domains.list,2025-04-28 08:03:02.450343+00:00,b2f3712c0d67a1c61745dfa4
121phonesex.co.uk,AVAILABILITY,domains.list,domains.list,2025-04-28 08:03:05.946734+00:00,b2f3712c0d67a1c61745dfa4
123any.com,AVAILABILITY,domains.list,domains.list,2025-04-28 08:03:06.180269+00:00,b2f3712c0d67a1c61745dfa4
123boy.free.fr,AVAILABILITY,domains.list,domains.list,2025-04-28 08:03:07.235977+00:00,b2f3712c0d67a1c61745dfa4
123branlemoi.free.fr,AVAILABILITY,domains.list,domains.list,2025-04-28 08:03:08.258196+00:00,b2f3712c0d67a1c61745dfa4
123cha.com,AVAILABILITY,domains.list,domains.list,2025-04-28 08:03:14.143839+00:00,b2f3712c0d67a1c61745dfa4
123kia.free.fr,AVAILABILITY,domains.list,domains.list,2025-04-28 08:03:15.282464+00:00,b2f3712c0d67a1c61745dfa4
123kuma.com,AVAILABILITY,domains.list,domains.list,2025-04-28 08:03:15.401142+00:00,b2f3712c0d67a1c61745dfa4
123laceypink.com,AVAILABILITY,domains.list,domains.list,2025-04-28 08:03:15.517769+00:00,b2f3712c0d67a1c61745dfa4
123latina.free.fr,AVAILABILITY,domains.list,domains.list,2025-04-28 08:03:16.391348+00:00,b2f3712c0d67a1c61745dfa4
123locker.com,AVAILABILITY,domains.list,domains.list,2025-04-28 08:03:26.535689+00:00,b2f3712c0d67a1c61745dfa4
123sex.biz,AVAILABILITY,domains.list,domains.list,2025-04-28 08:03:26.671413+00:00,b2f3712c0d67a1c61745dfa4
12cams.be,AVAILABILITY,domains.list,domains.list,2025-04-28 08:03:29.209241+00:00,b2f3712c0d67a1c61745dfa4
12masterov.com,AVAILABILITY,domains.list,domains.list,2025-04-28 08:03:29.809917+00:00,b2f3712c0d67a1c61745dfa4
12research.com,AVAILABILITY,domains.list,domains.list,2025-04-28 08:03:33.159191+00:00,b2f3712c0d67a1c61745dfa4
12u.info,AVAILABILITY,domains.list,domains.list,2025-04-28 08:03:33.453288+00:00,b2f3712c0d67a1c61745dfa4
12xhardcore.com,AVAILABILITY,domains.list,domains.list,2025-04-28 08:03:33.997728+00:00,b2f3712c0d67a1c61745dfa4
1314dh.com,AVAILABILITY,domains.list,domains.list,2025-04-28 08:03:34.115139+00:00,b2f3712c0d67a1c61745dfa4
13453765871837679316.googlegroups.com,AVAILABILITY,domains.list,domains.list,2025-04-28 08:03:34.359406+00:00,b2f3712c0d67a1c61745dfa4
138shenbosbo.com,AVAILABILITY,domains.list,domains.list,2025-04-28 08:03:34.493225+00:00,b2f3712c0d67a1c61745dfa4
13tabs.com,AVAILABILITY,domains.list,domains.list,2025-04-28 08:03:35.348084+00:00,b2f3712c0d67a1c61745dfa4
14b.info,AVAILABILITY,domains.list,domains.list,2025-04-28 08:03:35.509930+00:00,b2f3712c0d67a1c61745dfa4
14teen.com,AVAILABILITY,domains.list,domains.list,2025-04-28 08:03:35.673343+00:00,b2f3712c0d67a1c61745dfa4
15x.info,AVAILABILITY,domains.list,domains.list,2025-04-28 08:03:36.017001+00:00,b2f3712c0d67a1c61745dfa4
166f.com,AVAILABILITY,domains.list,domains.list,2025-04-28 08:03:36.161552+00:00,b2f3712c0d67a1c61745dfa4
16aq.cn,AVAILABILITY,domains.list,domains.list,2025-04-28 08:03:36.474416+00:00,b2f3712c0d67a1c61745dfa4
17chezhan.com,AVAILABILITY,domains.list,domains.list,2025-04-28 08:03:41.165187+00:00,b2f3712c0d67a1c61745dfa4
17youzi.com,AVAILABILITY,domains.list,domains.list,2025-04-28 08:03:41.283819+00:00,b2f3712c0d67a1c61745dfa4
18744.com,AVAILABILITY,domains.list,domains.list,2025-04-28 08:03:44.517229+00:00,b2f3712c0d67a1c61745dfa4
189-211-177-171.static.axtel.net,AVAILABILITY,domains.list,domains.list,2025-04-28 08:03:55.145893+00:00,b2f3712c0d67a1c61745dfa4
189zx.com,AVAILABILITY,domains.list,domains.list,2025-04-28 08:03:55.666218+00:00,b2f3712c0d67a1c61745dfa4
18freeporn.com,AVAILABILITY,domains.list,domains.list,2025-04-28 08:03:56.642625+00:00,b2f3712c0d67a1c61745dfa4
18hdxxx.com,AVAILABILITY,domains.list,domains.list,2025-04-28 08:03:57.137045+00:00,b2f3712c0d67a1c61745dfa4
18pluscard.com,AVAILABILITY,domains.list,domains.list,2025-04-28 08:03:57.253124+00:00,b2f3712c0d67a1c61745dfa4
18pluspics.com,AVAILABILITY,domains.list,domains.list,2025-04-28 08:03:57.664236+00:00,b2f3712c0d67a1c61745dfa4
18plusstore.com,AVAILABILITY,domains.list,domains.list,2025-04-28 08:03:57.984622+00:00,b2f3712c0d67a1c61745dfa4
18teengirl.com,AVAILABILITY,domains.list,domains.list,2025-04-28 08:03:58.102150+00:00,b2f3712c0d67a1c61745dfa4
18xtube.com,AVAILABILITY,domains.list,domains.list,2025-04-28 08:04:02.042362+00:00,b2f3712c0d67a1c61745dfa4
19blog.com,AVAILABILITY,domains.list,domains.list,2025-04-28 08:04:02.161726+00:00,b2f3712c0d67a1c61745dfa4
1adult.com,AVAILABILITY,domains.list,domains.list,2025-04-28 08:04:02.323974+00:00,b2f3712c0d67a1c61745dfa4
1bet.com,AVAILABILITY,domains.list,domains.list,2025-04-28 08:04:02.591685+00:00,b2f3712c0d67a1c61745dfa4
1ejaculationinterne.com,AVAILABILITY,domains.list,domains.list,2025-04-28 08:04:20.505153+00:00,b2f3712c0d67a1c61745dfa4
1forced.com,AVAILABILITY,domains.list,domains.list,2025-04-28 08:04:20.624989+00:00,b2f3712c0d67a1c61745dfa4
1hwy.com,AVAILABILITY,domains.list,domains.list,2025-04-28 08:04:30.768020+00:00,b2f3712c0d67a1c61745dfa4
1kinobig.ru,AVAILABILITY,domains.list,domains.list,2025-04-28 08:04:31.724706+00:00,b2f3712c0d67a1c61745dfa4
1pamm.ru,AVAILABILITY,domains.list,domains.list,2025-04-28 08:04:32.589980+00:00,b2f3712c0d67a1c61745dfa4
1qingdao.com,AVAILABILITY,domains.list,domains.list,2025-04-28 08:04:43.149068+00:00,b2f3712c0d67a1c61745dfa4
1re.info,AVAILABILITY,domains.list,domains.list,2025-04-28 08:04:43.318473+00:00,b2f3712c0d67a1c61745dfa4
1sexe1.free.fr,AVAILABILITY,domains.list,domains.list,2025-04-28 08:04:44.534202+00:00,b2f3712c0d67a1c61745dfa4
1stat.ru,AVAILABILITY,domains.list,domains.list,2025-04-28 08:04:45.166712+00:00,b2f3712c0d67a1c61745dfa4
1studio.net,AVAILABILITY,domains.list,domains.list,2025-04-28 08:04:45.307021+00:00,b2f3712c0d67a1c61745dfa4
1unblock.com,AVAILABILITY,domains.list,domains.list,2025-04-28 08:04:45.449685+00:00,b2f3712c0d67a1c61745dfa4
1wish.net,AVAILABILITY,domains.list,domains.list,2025-04-28 08:04:45.592513+00:00,b2f3712c0d67a1c61745dfa4
1worlditsolutions.com,AVAILABILITY,domains.list,domains.list,2025-04-28 08:04:46.681469+00:00,b2f3712c0d67a1c61745dfa4
1zone1.free.fr,AVAILABILITY,domains.list,domains.list,2025-04-28 08:04:47.581258+00:00,b2f3712c0d67a1c61745dfa4
2005-search.com,AVAILABILITY,domains.list,domains.list,2025-04-28 08:04:47.796227+00:00,b2f3712c0d67a1c61745dfa4
201mb.com,AVAILABILITY,domains.list,domains.list,2025-04-28 08:04:58.101730+00:00,b2f3712c0d67a1c61745dfa4
2020iscoming.info,AVAILABILITY,domains.list,domains.list,2025-04-28 08:04:58.248860+00:00,b2f3712c0d67a1c61745dfa4
202ch.com,AVAILABILITY,domains.list,domains.list,2025-04-28 08:04:59.943670+00:00,b2f3712c0d67a1c61745dfa4
22kkkk.com,AVAILABILITY,domains.list,domains.list,2025-04-28 08:05:00.354556+00:00,b2f3712c0d67a1c61745dfa4
24-ak.ru,AVAILABILITY,domains.list,domains.list,2025-04-28 08:05:00.688228+00:00,b2f3712c0d67a1c61745dfa4
24-xxx.biz,AVAILABILITY,domains.list,domains.list,2025-04-28 08:05:01.462104+00:00,b2f3712c0d67a1c61745dfa4
24695.com,AVAILABILITY,domains.list,domains.list,2025-04-28 08:05:01.710945+00:00,b2f3712c0d67a1c61745dfa4
247lyrics.com,AVAILABILITY,domains.list,domains.list,2025-04-28 08:05:01.831320+00:00,b2f3712c0d67a1c61745dfa4
24holdem.com,AVAILABILITY,domains.list,domains.list,2025-04-28 08:05:01.950826+00:00,b2f3712c0d67a1c61745dfa4
24tradeplus.com,AVAILABILITY,domains.list,domains.list,2025-04-28 08:05:02.069252+00:00,b2f3712c0d67a1c61745dfa4
24videos.tv,AVAILABILITY,domains.list,domains.list,2025-04-28 08:05:02.588698+00:00,b2f3712c0d67a1c61745dfa4
2560.fd.mobile.tv.sms13.de,AVAILABILITY,domains.list,domains.list,2025-04-28 08:05:03.637969+00:00,b2f3712c0d67a1c61745dfa4
257639.com,AVAILABILITY,domains.list,domains.list,2025-04-28 08:05:04.176107+00:00,b2f3712c0d67a1c61745dfa4
259572.com,AVAILABILITY,domains.list,domains.list,2025-04-28 08:05:04.296753+00:00,b2f3712c0d67a1c61745dfa4
271395.com,AVAILABILITY,domains.list,domains.list,2025-04-28 08:05:04.435249+00:00,b2f3712c0d67a1c61745dfa4
289931.com,AVAILABILITY,domains.list,domains.list,2025-04-28 08:05:04.552609+00:00,b2f3712c0d67a1c61745dfa4
2daytrendingnews.com,AVAILABILITY,domains.list,domains.list,2025-04-28 08:05:04.671548+00:00,b2f3712c0d67a1c61745dfa4
2gay.net,AVAILABILITY,domains.list,domains.list,2025-04-28 08:05:04.790136+00:00,b2f3712c0d67a1c61745dfa4
2girls1cumshot.com,AVAILABILITY,domains.list,domains.list,2025-04-28 08:05:04.909439+00:00,b2f3712c0d67a1c61745dfa4
2girls1cup-free.com,AVAILABILITY,domains.list,domains.list,2025-04-28 08:05:06.227153+00:00,b2f3712c0d67a1c61745dfa4
2kata.ru,AVAILABILITY,domains.list,domains.list,2025-04-28 08:05:06.923322+00:00,b2f3712c0d67a1c61745dfa4
2kporn.com,AVAILABILITY,domains.list,domains.list,2025-04-28 08:05:07.047989+00:00,b2f3712c0d67a1c61745dfa4
2lesbians.net,AVAILABILITY,domains.list,domains.list,2025-04-28 08:05:07.165840+00:00,b2f3712c0d67a1c61745dfa4
2manshow.com,AVAILABILITY,domains.list,domains.list,2025-04-28 08:05:07.383544+00:00,b2f3712c0d67a1c61745dfa4
2mj.pl,AVAILABILITY,domains.list,domains.list,2025-04-28 08:05:07.534599+00:00,b2f3712c0d67a1c61745dfa4
2mouses.com,AVAILABILITY,domains.list,domains.list,2025-04-28 08:05:07.732195+00:00,b2f3712c0d67a1c61745dfa4
2mycomputer.com,AVAILABILITY,domains.list,domains.list,2025-04-28 08:05:08.206789+00:00,b2f3712c0d67a1c61745dfa4
2n2qlh5hqcwrvo.net,AVAILABILITY,domains.list,domains.list,2025-04-28 08:05:08.636364+00:00,b2f3712c0d67a1c61745dfa4
2o34.com,AVAILABILITY,domains.list,domains.list,2025-04-28 08:05:08.754052+00:00,b2f3712c0d67a1c61745dfa4
2p9fyvx.com,AVAILABILITY,domains.list,domains.list,2025-04-28 08:05:08.878600+00:00,b2f3712c0d67a1c61745dfa4
2rich4bitches.com,AVAILABILITY,domains.list,domains.list,2025-04-28 08:05:09.365780+00:00,b2f3712c0d67a1c61745dfa4
2sexy.ro,AVAILABILITY,domains.list,domains.list,2025-04-28 08:05:10.600450+00:00,b2f3712c0d67a1c61745dfa4
2step-garage.co.uk,AVAILABILITY,domains.list,domains.list,2025-04-28 08:05:11.300290+00:00,b2f3712c0d67a1c61745dfa4
2wink.com.au,AVAILABILITY,domains.list,domains.list,2025-04-28 08:05:13.369653+00:00,b2f3712c0d67a1c61745dfa4
2ydian.com,AVAILABILITY,domains.list,domains.list,2025-04-28 08:05:13.673454+00:00,b2f3712c0d67a1c61745dfa4
3-dauto.com,AVAILABILITY,domains.list,domains.list,2025-04-28 08:05:13.793036+00:00,b2f3712c0d67a1c61745dfa4
3-gay.com,AVAILABILITY,domains.list,domains.list,2025-04-28 08:05:13.909203+00:00,b2f3712c0d67a1c61745dfa4
3-letter-domains.net,AVAILABILITY,domains.list,domains.list,2025-04-28 08:05:14.032870+00:00,b2f3712c0d67a1c61745dfa4
300sk.com,AVAILABILITY,domains.list,domains.list,2025-04-28 08:05:15.107927+00:00,b2f3712c0d67a1c61745dfa4
30hardcore.galleryprogram.com,AVAILABILITY,domains.list,domains.list,2025-04-28 08:05:24.484751+00:00,b2f3712c0d67a1c61745dfa4
30sec.info,AVAILABILITY,domains.list,domains.list,2025-04-28 08:05:24.652045+00:00,b2f3712c0d67a1c61745dfa4
31seconds.net,AVAILABILITY,domains.list,domains.list,2025-04-28 08:05:24.768998+00:00,b2f3712c0d67a1c61745dfa4
34.gs,AVAILABILITY,domains.list,domains.list,2025-04-28 08:05:25.120235+00:00,b2f3712c0d67a1c61745dfa4
365locksmithsminneapolis.com,AVAILABILITY,domains.list,domains.list,2025-04-28 08:05:25.241360+00:00,b2f3712c0d67a1c61745dfa4
3am.info,AVAILABILITY,domains.list,domains.list,2025-04-28 08:05:25.716171+00:00,b2f3712c0d67a1c61745dfa4
3angelsvideo.com,AVAILABILITY,domains.list,domains.list,2025-04-28 08:05:25.840142+00:00,b2f3712c0d67a1c61745dfa4
3cloud.net,AVAILABILITY,domains.list,domains.list,2025-04-28 08:05:26.084053+00:00,b2f3712c0d67a1c61745dfa4
3d-daughter-list.info,AVAILABILITY,domains.list,domains.list,2025-04-28 08:05:26.213387+00:00,b2f3712c0d67a1c61745dfa4
3d-hentai.de,AVAILABILITY,domains.list,domains.list,2025-04-28 08:05:36.892166+00:00,b2f3712c0d67a1c61745dfa4
3date.de,AVAILABILITY,domains.list,domains.list,2025-04-28 08:05:37.733939+00:00,b2f3712c0d67a1c61745dfa4
3dbluerayplayer.com,AVAILABILITY,domains.list,domains.list,2025-04-28 08:05:39.479758+00:00,b2f3712c0d67a1c61745dfa4
3dcgfx.net,AVAILABILITY,domains.list,domains.list,2025-04-28 08:05:39.596750+00:00,b2f3712c0d67a1c61745dfa4
3donlinegames.de,AVAILABILITY,domains.list,domains.list,2025-04-28 08:05:41.680968+00:00,b2f3712c0d67a1c61745dfa4
3dpassport.com,AVAILABILITY,domains.list,domains.list,2025-04-28 08:05:41.822747+00:00,b2f3712c0d67a1c61745dfa4
3dsemulator.info,AVAILABILITY,domains.list,domains.list,2025-04-28 08:05:42.179489+00:00,b2f3712c0d67a1c61745dfa4
3dviolet.com,AVAILABILITY,domains.list,domains.list,2025-04-28 08:05:42.319628+00:00,b2f3712c0d67a1c61745dfa4
3gplay.pl,AVAILABILITY,domains.list,domains.list,2025-04-28 08:05:44.167309+00:00,b2f3712c0d67a1c61745dfa4
3henterprise.com,AVAILABILITY,domains.list,domains.list,2025-04-28 08:05:53.532623+00:00,b2f3712c0d67a1c61745dfa4
3jmcwio.com,AVAILABILITY,domains.list,domains.list,2025-04-28 08:05:53.650434+00:00,b2f3712c0d67a1c61745dfa4
3lm.info,AVAILABILITY,domains.list,domains.list,2025-04-28 08:05:53.799782+00:00,b2f3712c0d67a1c61745dfa4
3vig.com,AVAILABILITY,domains.list,domains.list,2025-04-28 08:05:53.919660+00:00,b2f3712c0d67a1c61745dfa4
3w24.com,AVAILABILITY,domains.list,domains.list,2025-04-28 08:05:54.042186+00:00,b2f3712c0d67a1c61745dfa4
3weekdiet.com,AVAILABILITY,domains.list,domains.list,2025-04-28 08:05:54.165798+00:00,b2f3712c0d67a1c61745dfa4
3xit.net,AVAILABILITY,domains.list,domains.list,2025-04-28 08:05:54.284405+00:00,b2f3712c0d67a1c61745dfa4
40cg.com,AVAILABILITY,domains.list,domains.list,2025-04-28 08:05:54.484874+00:00,b2f3712c0d67a1c61745dfa4
40hardcore.galleryprogram.com,AVAILABILITY,domains.list,domains.list,2025-04-28 08:06:07.831462+00:00,b2f3712c0d67a1c61745dfa4
423.ru,AVAILABILITY,domains.list,domains.list,2025-04-28 08:06:08.582678+00:00,b2f3712c0d67a1c61745dfa4
4asianporn.com,AVAILABILITY,domains.list,domains.list,2025-04-28 08:06:09.345035+00:00,b2f3712c0d67a1c61745dfa4
4beast.com,AVAILABILITY,domains.list,domains.list,2025-04-28 08:06:09.565932+00:00,b2f3712c0d67a1c61745dfa4
4bqs.com,AVAILABILITY,domains.list,domains.list,2025-04-28 08:06:09.804526+00:00,b2f3712c0d67a1c61745dfa4
4cock.com,AVAILABILITY,domains.list,domains.list,2025-04-28 08:06:10.012471+00:00,b2f3712c0d67a1c61745dfa4
4ever.cc,AVAILABILITY,domains.list,domains.list,2025-04-28 08:06:10.555765+00:00,b2f3712c0d67a1c61745dfa4
4girlss.com,AVAILABILITY,domains.list,domains.list,2025-04-28 08:06:10.675570+00:00,b2f3712c0d67a1c61745dfa4
4love.info,AVAILABILITY,domains.list,domains.list,2025-04-28 08:06:11.140374+00:00,b2f3712c0d67a1c61745dfa4
4meme.com,AVAILABILITY,domains.list,domains.list,2025-04-28 08:06:11.682834+00:00,b2f3712c0d67a1c61745dfa4
4o64flb.com,AVAILABILITY,domains.list,domains.list,2025-04-28 08:06:11.800987+00:00,b2f3712c0d67a1c61745dfa4
4plus11.com,AVAILABILITY,domains.list,domains.list,2025-04-28 08:06:11.920779+00:00,b2f3712c0d67a1c61745dfa4
4pornxxx.com,AVAILABILITY,domains.list,domains.list,2025-04-28 08:06:12.855642+00:00,b2f3712c0d67a1c61745dfa4
4pp13.com,AVAILABILITY,domains.list,domains.list,2025-04-28 08:06:13.408600+00:00,b2f3712c0d67a1c61745dfa4
4pussies.com,AVAILABILITY,domains.list,domains.list,2025-04-28 08:06:13.565232+00:00,b2f3712c0d67a1c61745dfa4
4realzed.com,AVAILABILITY,domains.list,domains.list,2025-04-28 08:06:13.687644+00:00,b2f3712c0d67a1c61745dfa4
4replicawatch.net,AVAILABILITY,domains.list,domains.list,2025-04-28 08:06:13.805269+00:00,b2f3712c0d67a1c61745dfa4
4th3d48.com,AVAILABILITY,domains.list,domains.list,2025-04-28 08:06:14.026382+00:00,b2f3712c0d67a1c61745dfa4
4u69.com,AVAILABILITY,domains.list,domains.list,2025-04-28 08:06:14.682428+00:00,b2f3712c0d67a1c61745dfa4
4ur.click,AVAILABILITY,domains.list,domains.list,2025-04-28 08:06:15.041502+00:00,b2f3712c0d67a1c61745dfa4
4ureyesonly.com,AVAILABILITY,domains.list,domains.list,2025-04-28 08:06:15.266315+00:00,b2f3712c0d67a1c61745dfa4
4webmasters.com,AVAILABILITY,domains.list,domains.list,2025-04-28 08:06:16.205498+00:00,b2f3712c0d67a1c61745dfa4
4wheel.de,AVAILABILITY,domains.list,domains.list,2025-04-28 08:06:17.397252+00:00,b2f3712c0d67a1c61745dfa4
4xporn.com,AVAILABILITY,domains.list,domains.list,2025-04-28 08:06:18.577887+00:00,b2f3712c0d67a1c61745dfa4
4youcom.com,AVAILABILITY,domains.list,domains.list,2025-04-28 08:06:18.698558+00:00,b2f3712c0d67a1c61745dfa4
50centstreetkingimmortal.com,AVAILABILITY,domains.list,domains.list,2025-04-28 08:06:18.820303+00:00,b2f3712c0d67a1c61745dfa4
50hardcore.galleryprogram.com,AVAILABILITY,domains.list,domains.list,2025-04-28 08:06:31.619273+00:00,b2f3712c0d67a1c61745dfa4
51.la,AVAILABILITY,domains.list,domains.list,2025-04-28 08:06:33.849677+00:00,b2f3712c0d67a1c61745dfa4
511a.cn,AVAILABILITY,domains.list,domains.list,2025-04-28 08:06:35.160671+00:00,b2f3712c0d67a1c61745dfa4
5241.it,AVAILABILITY,domains.list,domains.list,2025-04-28 08:06:35.310659+00:00,b2f3712c0d67a1c61745dfa4
529collegesaving.com,AVAILABILITY,domains.list,domains.list,2025-04-28 08:06:35.432710+00:00,b2f3712c0d67a1c61745dfa4
550a.com,AVAILABILITY,domains.list,domains.list,2025-04-28 08:06:35.805826+00:00,b2f3712c0d67a1c61745dfa4
57883.net,AVAILABILITY,domains.list,domains.list,2025-04-28 08:06:36.791591+00:00,b2f3712c0d67a1c61745dfa4
59cn7.com,AVAILABILITY,domains.list,domains.list,2025-04-28 08:06:38.486296+00:00,b2f3712c0d67a1c61745dfa4
5finder.com,AVAILABILITY,domains.list,domains.list,2025-04-28 08:06:38.735937+00:00,b2f3712c0d67a1c61745dfa4
5forex.ru,AVAILABILITY,domains.list,domains.list,2025-04-28 08:06:39.749933+00:00,b2f3712c0d67a1c61745dfa4
5i2.net,AVAILABILITY,domains.list,domains.list,2025-04-28 08:06:45.582880+00:00,b2f3712c0d67a1c61745dfa4
5kstore.com,AVAILABILITY,domains.list,domains.list,2025-04-28 08:06:46.499518+00:00,b2f3712c0d67a1c61745dfa4
5u.com,AVAILABILITY,domains.list,domains.list,2025-04-28 08:06:46.763070+00:00,b2f3712c0d67a1c61745dfa4
5udt.com,AVAILABILITY,domains.list,domains.list,2025-04-28 08:06:46.881591+00:00,b2f3712c0d67a1c61745dfa4
5wh.co.zw,AVAILABILITY,domains.list,domains.list,2025-04-28 08:06:48.192346+00:00,b2f3712c0d67a1c61745dfa4
5yfi7sy.com,AVAILABILITY,domains.list,domains.list,2025-04-28 08:06:48.312373+00:00,b2f3712c0d67a1c61745dfa4
6000518.com,AVAILABILITY,domains.list,domains.list,2025-04-28 08:06:48.432420+00:00,b2f3712c0d67a1c61745dfa4
60secpanic.com,AVAILABILITY,domains.list,domains.list,2025-04-28 08:06:48.554363+00:00,b2f3712c0d67a1c61745dfa4
65xps.com,AVAILABILITY,domains.list,domains.list,2025-04-28 08:06:48.671920+00:00,b2f3712c0d67a1c61745dfa4
6660003.com,AVAILABILITY,domains.list,domains.list,2025-04-28 08:06:48.790895+00:00,b2f3712c0d67a1c61745dfa4
66av.cc,AVAILABILITY,domains.list,domains.list,2025-04-28 08:06:51.265187+00:00,b2f3712c0d67a1c61745dfa4
69boysex.com,AVAILABILITY,domains.list,domains.list,2025-04-28 08:06:51.384282+00:00,b2f3712c0d67a1c61745dfa4
69er.de,AVAILABILITY,domains.list,domains.list,2025-04-28 08:06:52.924260+00:00,b2f3712c0d67a1c61745dfa4
69net.de,AVAILABILITY,domains.list,domains.list,2025-04-28 08:06:53.751912+00:00,b2f3712c0d67a1c61745dfa4
6amateure.net,AVAILABILITY,domains.list,domains.list,2025-04-28 08:06:55.319998+00:00,b2f3712c0d67a1c61745dfa4
6e.co.kr,AVAILABILITY,domains.list,domains.list,2025-04-28 08:06:58.672301+00:00,b2f3712c0d67a1c61745dfa4
6ftlady.com,AVAILABILITY,domains.list,domains.list,2025-04-28 08:06:58.793531+00:00,b2f3712c0d67a1c61745dfa4
6ox.de,AVAILABILITY,domains.list,domains.list,2025-04-28 08:07:00.199926+00:00,b2f3712c0d67a1c61745dfa4
6server.com,AVAILABILITY,domains.list,domains.list,2025-04-28 08:07:00.428094+00:00,b2f3712c0d67a1c61745dfa4
6stuff.com,AVAILABILITY,domains.list,domains.list,2025-04-28 08:07:00.548912+00:00,b2f3712c0d67a1c61745dfa4
72-news.com,AVAILABILITY,domains.list,domains.list,2025-04-28 08:07:00.669013+00:00,b2f3712c0d67a1c61745dfa4
72impala.com,AVAILABILITY,domains.list,domains.list,2025-04-28 08:07:00.787509+00:00,b2f3712c0d67a1c61745dfa4
777-club.ru,AVAILABILITY,domains.list,domains.list,2025-04-28 08:07:01.564723+00:00,b2f3712c0d67a1c61745dfa4
77sky.de,AVAILABILITY,domains.list,domains.list,2025-04-28 08:07:02.096453+00:00,b2f3712c0d67a1c61745dfa4
78tdd75.com,AVAILABILITY,domains.list,domains.list,2025-04-28 08:07:02.216927+00:00,b2f3712c0d67a1c61745dfa4
791026.com,AVAILABILITY,domains.list,domains.list,2025-04-28 08:07:02.336993+00:00,b2f3712c0d67a1c61745dfa4
7fb.ru,AVAILABILITY,domains.list,domains.list,2025-04-28 08:07:03.563926+00:00,b2f3712c0d67a1c61745dfa4
7gfs.com,AVAILABILITY,domains.list,domains.list,2025-04-28 08:07:03.785085+00:00,b2f3712c0d67a1c61745dfa4
7minuteworkout.com,AVAILABILITY,domains.list,domains.list,2025-04-28 08:07:04.446951+00:00,b2f3712c0d67a1c61745dfa4
7search.com,AVAILABILITY,domains.list,domains.list,2025-04-28 08:07:04.656961+00:00,b2f3712c0d67a1c61745dfa4
7thlegion.ru,AVAILABILITY,domains.list,domains.list,2025-04-28 08:07:04.999405+00:00,b2f3712c0d67a1c61745dfa4
7wind.ru,AVAILABILITY,domains.list,domains.list,2025-04-28 08:07:06.743969+00:00,b2f3712c0d67a1c61745dfa4
7xc4n.com,AVAILABILITY,domains.list,domains.list,2025-04-28 08:07:06.862997+00:00,b2f3712c0d67a1c61745dfa4
7y7.us,AVAILABILITY,domains.list,domains.list,2025-04-28 08:07:06.981055+00:00,b2f3712c0d67a1c61745dfa4
83net.jp,AVAILABILITY,domains.list,domains.list,2025-04-28 08:07:08.350007+00:00,b2f3712c0d67a1c61745dfa4
87w.info,AVAILABILITY,domains.list,domains.list,2025-04-28 08:07:08.511484+00:00,b2f3712c0d67a1c61745dfa4
883zy.com,AVAILABILITY,domains.list,domains.list,2025-04-28 08:07:08.631282+00:00,b2f3712c0d67a1c61745dfa4
888.com,AVAILABILITY,domains.list,domains.list,2025-04-28 08:07:10.168394+00:00,b2f3712c0d67a1c61745dfa4
8899804.com,AVAILABILITY,domains.list,domains.list,2025-04-28 08:07:10.291494+00:00,b2f3712c0d67a1c61745dfa4
8fvchzuz.myutilitydomain.com,AVAILABILITY,domains.list,domains.list,2025-04-28 08:07:10.691789+00:00,b2f3712c0d67a1c61745dfa4
8gold.com,AVAILABILITY,domains.list,domains.list,2025-04-28 08:07:10.836100+00:00,b2f3712c0d67a1c61745dfa4
8khmer.com,AVAILABILITY,domains.list,domains.list,2025-04-28 08:07:11.008073+00:00,b2f3712c0d67a1c61745dfa4
8rf.com,AVAILABILITY,domains.list,domains.list,2025-04-28 08:07:17.065604+00:00,b2f3712c0d67a1c61745dfa4
8si.ru,AVAILABILITY,domains.list,domains.list,2025-04-28 08:07:17.779690+00:00,b2f3712c0d67a1c61745dfa4
8streams.com,AVAILABILITY,domains.list,domains.list,2025-04-28 08:07:18.502222+00:00,b2f3712c0d67a1c61745dfa4
8ue9q7i.com,AVAILABILITY,domains.list,domains.list,2025-04-28 08:07:18.621847+00:00,b2f3712c0d67a1c61745dfa4
8xv8.com,AVAILABILITY,domains.list,domains.list,2025-04-28 08:07:18.966636+00:00,b2f3712c0d67a1c61745dfa4
925.lt,AVAILABILITY,domains.list,domains.list,2025-04-28 08:07:20.267459+00:00,b2f3712c0d67a1c61745dfa4
94cdn.com,AVAILABILITY,domains.list,domains.list,2025-04-28 08:07:20.642967+00:00,b2f3712c0d67a1c61745dfa4
97fn1ej0.myutilitydomain.com,AVAILABILITY,domains.list,domains.list,2025-04-28 08:07:24.123944+00:00,b2f3712c0d67a1c61745dfa4
999webdesign.com,AVAILABILITY,domains.list,domains.list,2025-04-28 08:07:24.276804+00:00,b2f3712c0d67a1c61745dfa4
99bthgc.me,AVAILABILITY,domains.list,domains.list,2025-04-28 08:07:24.426134+00:00,b2f3712c0d67a1c61745dfa4
99topnn.info,AVAILABILITY,domains.list,domains.list,2025-04-28 08:07:24.576474+00:00,b2f3712c0d67a1c61745dfa4
9aad7115.amy.gs,AVAILABILITY,domains.list,domains.list,2025-04-28 08:08:02.908109+00:00,b2f3712c0d67a1c61745dfa4
9h7n8.com,AVAILABILITY,domains.list,domains.list,2025-04-28 08:08:03.046251+00:00,b2f3712c0d67a1c61745dfa4
9ics.cn,AVAILABILITY,domains.list,domains.list,2025-04-28 08:08:04.031670+00:00,b2f3712c0d67a1c61745dfa4
9med.net,AVAILABILITY,domains.list,domains.list,2025-04-28 08:08:04.752868+00:00,b2f3712c0d67a1c61745dfa4
9stoneinvestments.com,AVAILABILITY,domains.list,domains.list,2025-04-28 08:08:04.873379+00:00,b2f3712c0d67a1c61745dfa4
9thien.com,AVAILABILITY,domains.list,domains.list,2025-04-28 08:08:05.146571+00:00,b2f3712c0d67a1c61745dfa4
a-5.info,AVAILABILITY,domains.list,domains.list,2025-04-28 08:08:05.282851+00:00,b2f3712c0d67a1c61745dfa4
a.applvn.com,AVAILABILITY,domains.list,domains.list,2025-04-28 08:08:05.647163+00:00,b2f3712c0d67a1c61745dfa4
a0152829.xsph.ru,AVAILABILITY,domains.list,domains.list,2025-04-28 08:08:06.986147+00:00,b2f3712c0d67a1c61745dfa4
a1thumbpost.com,AVAILABILITY,domains.list,domains.list,2025-04-28 08:08:07.105976+00:00,b2f3712c0d67a1c61745dfa4
a2btrans.pl,AVAILABILITY,domains.list,domains.list,2025-04-28 08:08:07.257262+00:00,b2f3712c0d67a1c61745dfa4
a2sex.com,AVAILABILITY,domains.list,domains.list,2025-04-28 08:08:07.462102+00:00,b2f3712c0d67a1c61745dfa4
a2zgroup.in,AVAILABILITY,domains.list,domains.list,2025-04-28 08:08:07.578867+00:00,b2f3712c0d67a1c61745dfa4
a460.cell.phone.ringtone.samsung.sms13.de,AVAILABILITY,domains.list,domains.list,2025-04-28 08:08:08.360645+00:00,b2f3712c0d67a1c61745dfa4
a85.info,AVAILABILITY,domains.list,domains.list,2025-04-28 08:08:09.204259+00:00,b2f3712c0d67a1c61745dfa4
a94.info,AVAILABILITY,domains.list,domains.list,2025-04-28 08:08:09.414775+00:00,b2f3712c0d67a1c61745dfa4
aa81bf391151884adfa3dd677e41f94be1.com,AVAILABILITY,domains.list,domains.list,2025-04-28 08:08:09.537476+00:00,b2f3712c0d67a1c61745dfa4
aaannuairex.com,AVAILABILITY,domains.list,domains.list,2025-04-28 08:08:09.658957+00:00,b2f3712c0d67a1c61745dfa4
aaaurgentcare.net,AVAILABILITY,domains.list,domains.list,2025-04-28 08:08:09.798337+00:00,b2f3712c0d67a1c61745dfa4
aab94f698f36684c5a852a2ef272e031bb.com,AVAILABILITY,domains.list,domains.list,2025-04-28 08:08:09.919551+00:00,b2f3712c0d67a1c61745dfa4
aadroid.net,AVAILABILITY,domains.list,domains.list,2025-04-28 08:08:20.161663+00:00,b2f3712c0d67a1c61745dfa4
aadultwork.com,AVAILABILITY,domains.list,domains.list,2025-04-28 08:08:20.450391+00:00,b2f3712c0d67a1c61745dfa4
aalures.com,AVAILABILITY,domains.list,domains.list,2025-04-28 08:08:20.796015+00:00,b2f3712c0d67a1c61745dfa4
aanqylta.com,AVAILABILITY,domains.list,domains.list,2025-04-28 08:08:21.321715+00:00,b2f3712c0d67a1c61745dfa4
aapz.com,AVAILABILITY,domains.list,domains.list,2025-04-28 08:08:23.222646+00:00,b2f3712c0d67a1c61745dfa4
aarbur.com,AVAILABILITY,domains.list,domains.list,2025-04-28 08:08:23.624330+00:00,b2f3712c0d67a1c61745dfa4
aaronabel.com,AVAILABILITY,domains.list,domains.list,2025-04-28 08:08:24.000735+00:00,b2f3712c0d67a1c61745dfa4
aaronautosandtrucks.com,AVAILABILITY,domains.list,domains.list,2025-04-28 08:08:37.128015+00:00,b2f3712c0d67a1c61745dfa4
aashyamayro.com,AVAILABILITY,domains.list,domains.list,2025-04-28 08:08:37.250695+00:00,b2f3712c0d67a1c61745dfa4
ab.teenx.free.fr,AVAILABILITY,domains.list,domains.list,2025-04-28 08:08:38.702239+00:00,b2f3712c0d67a1c61745dfa4
ab199.de,AVAILABILITY,domains.list,domains.list,2025-04-28 08:08:56.677302+00:00,b2f3712c0d67a1c61745dfa4
abacusnet.info,AVAILABILITY,domains.list,domains.list,2025-04-28 08:08:58.737648+00:00,b2f3712c0d67a1c61745dfa4
abacuspresents.com,AVAILABILITY,domains.list,domains.list,2025-04-28 08:08:58.860385+00:00,b2f3712c0d67a1c61745dfa4
abadass.com,AVAILABILITY,domains.list,domains.list,2025-04-28 08:08:59.005171+00:00,b2f3712c0d67a1c61745dfa4
abbanreddy.com,AVAILABILITY,domains.list,domains.list,2025-04-28 08:08:59.143307+00:00,b2f3712c0d67a1c61745dfa4
abbeyxxx.com,AVAILABILITY,domains.list,domains.list,2025-04-28 08:08:59.264953+00:00,b2f3712c0d67a1c61745dfa4
abbywintersnudes.thumblogger.com,AVAILABILITY,domains.list,domains.list,2025-04-28 08:09:00.129667+00:00,b2f3712c0d67a1c61745dfa4
abclauncher.com,AVAILABILITY,domains.list,domains.list,2025-04-28 08:09:00.469525+00:00,b2f3712c0d67a1c61745dfa4
abcsex.dk,AVAILABILITY,domains.list,domains.list,2025-04-28 08:09:01.856240+00:00,b2f3712c0d67a1c61745dfa4
abctoppictures.net,AVAILABILITY,domains.list,domains.list,2025-04-28 08:09:01.975351+00:00,b2f3712c0d67a1c61745dfa4
abdicted.com,AVAILABILITY,domains.list,domains.list,2025-04-28 08:09:02.345480+00:00,b2f3712c0d67a1c61745dfa4
abdl-adult-baby-phone-sex.info,AVAILABILITY,domains.list,domains.list,2025-04-28 08:09:02.476698+00:00,b2f3712c0d67a1c61745dfa4
abdlphone.com,AVAILABILITY,domains.list,domains.list,2025-04-28 08:09:02.700184+00:00,b2f3712c0d67a1c61745dfa4
abetran.com,AVAILABILITY,domains.list,domains.list,2025-04-28 08:09:02.819899+00:00,b2f3712c0d67a1c61745dfa4
abetting.net,AVAILABILITY,domains.list,domains.list,2025-04-28 08:09:04.022693+00:00,b2f3712c0d67a1c61745dfa4
ablefull.com,AVAILABILITY,domains.list,domains.list,2025-04-28 08:09:04.240209+00:00,b2f3712c0d67a1c61745dfa4
abogadodejacksonville.com,AVAILABILITY,domains.list,domains.list,2025-04-28 08:09:04.417634+00:00,b2f3712c0d67a1c61745dfa4
abonne100.free.fr,AVAILABILITY,domains.list,domains.list,2025-04-28 08:09:05.645515+00:00,b2f3712c0d67a1c61745dfa4
abouthomesdecorating.com,AVAILABILITY,domains.list,domains.list,2025-04-28 08:09:11.772569+00:00,b2f3712c0d67a1c61745dfa4
aboutproperty.co.uk,AVAILABILITY,domains.list,domains.list,2025-04-28 08:09:11.891663+00:00,b2f3712c0d67a1c61745dfa4
above.com,AVAILABILITY,domains.list,domains.list,2025-04-28 08:09:12.780226+00:00,b2f3712c0d67a1c61745dfa4
abrahamschildren.com,AVAILABILITY,domains.list,domains.list,2025-04-28 08:09:13.019970+00:00,b2f3712c0d67a1c61745dfa4
absolute-live.com,AVAILABILITY,domains.list,domains.list,2025-04-28 08:09:13.147596+00:00,b2f3712c0d67a1c61745dfa4
ac-transfer.com,AVAILABILITY,domains.list,domains.list,2025-04-28 08:09:13.268381+00:00,b2f3712c0d67a1c61745dfa4
acads.net,AVAILABILITY,domains.list,domains.list,2025-04-28 08:09:29.605166+00:00,b2f3712c0d67a1c61745dfa4
account.paypal-inc.tribesiren.com,AVAILABILITY,domains.list,domains.list,2025-04-28 08:09:36.898467+00:00,b2f3712c0d67a1c61745dfa4
acenar.com,AVAILABILITY,domains.list,domains.list,2025-04-28 08:09:37.517992+00:00,b2f3712c0d67a1c61745dfa4
acheterviagrafr24.com,AVAILABILITY,domains.list,domains.list,2025-04-28 08:09:38.627955+00:00,b2f3712c0d67a1c61745dfa4
achterin.nl,AVAILABILITY,domains.list,domains.list,2025-04-28 08:09:39.628829+00:00,b2f3712c0d67a1c61745dfa4
aciklise.web.tr,AVAILABILITY,domains.list,domains.list,2025-04-28 08:09:39.745490+00:00,b2f3712c0d67a1c61745dfa4
acimo.com,AVAILABILITY,domains.list,domains.list,2025-04-28 08:09:39.896123+00:00,b2f3712c0d67a1c61745dfa4
acmmarketingdigital.com.br,AVAILABILITY,domains.list,domains.list,2025-04-28 08:09:40.550954+00:00,b2f3712c0d67a1c61745dfa4
acmsa.com.ar,AVAILABILITY,domains.list,domains.list,2025-04-28 08:09:50.040267+00:00,b2f3712c0d67a1c61745dfa4
acneforums.com,AVAILABILITY,domains.list,domains.list,2025-04-28 08:09:50.183316+00:00,b2f3712c0d67a1c61745dfa4
acompanhantesbrasil.com.br,AVAILABILITY,domains.list,domains.list,2025-04-28 08:09:50.631172+00:00,b2f3712c0d67a1c61745dfa4
acompanhantesdeportugal.com,AVAILABILITY,domains.list,domains.list,2025-04-28 08:09:50.751821+00:00,b2f3712c0d67a1c61745dfa4
acornpointlodge.com,AVAILABILITY,domains.list,domains.list,2025-04-28 08:09:55.496528+00:00,b2f3712c0d67a1c61745dfa4
acoustoopticmodulator.com,AVAILABILITY,domains.list,domains.list,2025-04-28 08:09:55.638671+00:00,b2f3712c0d67a1c61745dfa4
acpbdf.com.br,AVAILABILITY,domains.list,domains.list,2025-04-28 08:09:55.943889+00:00,b2f3712c0d67a1c61745dfa4
acproyectos.com,AVAILABILITY,domains.list,domains.list,2025-04-28 08:10:06.255633+00:00,b2f3712c0d67a1c61745dfa4
acrh.be,AVAILABILITY,domains.list,domains.list,2025-04-28 08:10:25.676636+00:00,b2f3712c0d67a1c61745dfa4
acrowiswhite.com,AVAILABILITY,domains.list,domains.list,2025-04-28 08:10:26.252556+00:00,b2f3712c0d67a1c61745dfa4
actionmobilemarine.net,AVAILABILITY,domains.list,domains.list,2025-04-28 08:10:26.593447+00:00,b2f3712c0d67a1c61745dfa4
actionnooz.com,AVAILABILITY,domains.list,domains.list,2025-04-28 08:10:26.735263+00:00,b2f3712c0d67a1c61745dfa4
activeideas.net,AVAILABILITY,domains.list,domains.list,2025-04-28 08:10:27.112647+00:00,b2f3712c0d67a1c61745dfa4
activepr.ru,AVAILABILITY,domains.list,domains.list,2025-04-28 08:10:29.040287+00:00,b2f3712c0d67a1c61745dfa4
activewatch.ro,AVAILABILITY,domains.list,domains.list,2025-04-28 08:10:30.031621+00:00,b2f3712c0d67a1c61745dfa4
actricesmexicanasdesnudas.com,AVAILABILITY,domains.list,domains.list,2025-04-28 08:10:30.399443+00:00,b2f3712c0d67a1c61745dfa4
actulite.com,AVAILABILITY,domains.list,domains.list,2025-04-28 08:10:31.574728+00:00,b2f3712c0d67a1c61745dfa4
ad.bubblestat.com,AVAILABILITY,domains.list,domains.list,2025-04-28 08:10:31.886115+00:00,b2f3712c0d67a1c61745dfa4
adrunnr.com,AVAILABILITY,domains.list,domains.list,2025-04-28 08:10:32.208373+00:00,b2f3712c0d67a1c61745dfa4
airmore.co,AVAILABILITY,domains.list,domains.list,2025-04-28 08:10:32.439228+00:00,b2f3712c0d67a1c61745dfa4
airnetinfotech.com,AVAILABILITY,domains.list,domains.list,2025-04-28 08:10:32.565114+00:00,b2f3712c0d67a1c61745dfa4
airpb.com,AVAILABILITY,domains.list,domains.list,2025-04-28 08:10:32.760495+00:00,b2f3712c0d67a1c61745dfa4
airportsys.com,AVAILABILITY,domains.list,domains.list,2025-04-28 08:10:32.900484+00:00,b2f3712c0d67a1c61745dfa4
aisiansex.com,AVAILABILITY,domains.list,domains.list,2025-04-28 08:10:33.022825+00:00,b2f3712c0d67a1c61745dfa4
ajansyenimedya.com,AVAILABILITY,domains.list,domains.list,2025-04-28 08:10:37.904321+00:00,b2f3712c0d67a1c61745dfa4
ajkzd9h.com,AVAILABILITY,domains.list,domains.list,2025-04-28 08:10:54.561262+00:00,b2f3712c0d67a1c61745dfa4
akaflieg-sb.de,AVAILABILITY,domains.list,domains.list,2025-04-28 08:10:55.753826+00:00,b2f3712c0d67a1c61745dfa4
akama.com,AVAILABILITY,domains.list,domains.list,2025-04-28 08:10:56.168858+00:00,b2f3712c0d67a1c61745dfa4
akariyer.com,AVAILABILITY,domains.list,domains.list,2025-04-28 08:10:56.291645+00:00,b2f3712c0d67a1c61745dfa4
akcr.free.fr,AVAILABILITY,domains.list,domains.list,2025-04-28 08:10:57.673631+00:00,b2f3712c0d67a1c61745dfa4
akku.mondo.trium.mitsubishi.sms13.de,AVAILABILITY,domains.list,domains.list,2025-04-28 08:10:58.538332+00:00,b2f3712c0d67a1c61745dfa4
aksao.com,AVAILABILITY,domains.list,domains.list,2025-04-28 08:10:58.665426+00:00,b2f3712c0d67a1c61745dfa4
aksonural.ru,AVAILABILITY,domains.list,domains.list,2025-04-28 08:10:58.993225+00:00,b2f3712c0d67a1c61745dfa4
aktivator-windows10.blogspot.com,AVAILABILITY,domains.list,domains.list,2025-04-28 08:10:59.382030+00:00,b2f3712c0d67a1c61745dfa4
akuhni.by,AVAILABILITY,domains.list,domains.list,2025-04-28 08:11:00.235601+00:00,b2f3712c0d67a1c61745dfa4
akusherok.ru,AVAILABILITY,domains.list,domains.list,2025-04-28 08:11:07.381622+00:00,b2f3712c0d67a1c61745dfa4
alabamabackpage.com,AVAILABILITY,domains.list,domains.list,2025-04-28 08:11:07.504555+00:00,b2f3712c0d67a1c61745dfa4
alamosupply.com,AVAILABILITY,domains.list,domains.list,2025-04-28 08:11:07.705238+00:00,b2f3712c0d67a1c61745dfa4
alamuk.com,AVAILABILITY,domains.list,domains.list,2025-04-28 08:11:10.009445+00:00,b2f3712c0d67a1c61745dfa4
alanstrack.com,AVAILABILITY,domains.list,domains.list,2025-04-28 08:11:10.582221+00:00,b2f3712c0d67a1c61745dfa4
alarash.com,AVAILABILITY,domains.list,domains.list,2025-04-28 08:11:28.711538+00:00,b2f3712c0d67a1c61745dfa4
alarmobninsk.ru,AVAILABILITY,domains.list,domains.list,2025-04-28 08:11:30.598351+00:00,b2f3712c0d67a1c61745dfa4
albamargroup.com,AVAILABILITY,domains.list,domains.list,2025-04-28 08:11:31.806444+00:00,b2f3712c0d67a1c61745dfa4
albanypowerexchange.com,AVAILABILITY,domains.list,domains.list,2025-04-28 08:11:31.947522+00:00,b2f3712c0d67a1c61745dfa4
albaphotos.free.fr,AVAILABILITY,domains.list,domains.list,2025-04-28 08:11:33.172250+00:00,b2f3712c0d67a1c61745dfa4
alberguecasaanita.com,AVAILABILITY,domains.list,domains.list,2025-04-28 08:11:33.294504+00:00,b2f3712c0d67a1c61745dfa4
alblux.com,AVAILABILITY,domains.list,domains.list,2025-04-28 08:11:40.181098+00:00,b2f3712c0d67a1c61745dfa4
alboautotrasportatori.it,AVAILABILITY,domains.list,domains.list,2025-04-28 08:11:44.922364+00:00,b2f3712c0d67a1c61745dfa4
aldik.com,AVAILABILITY,domains.list,domains.list,2025-04-28 08:11:51.046968+00:00,b2f3712c0d67a1c61745dfa4
aldo061.free.fr,AVAILABILITY,domains.list,domains.list,2025-04-28 08:11:52.079902+00:00,b2f3712c0d67a1c61745dfa4
aldo063.free.fr,AVAILABILITY,domains.list,domains.list,2025-04-28 08:11:53.199196+00:00,b2f3712c0d67a1c61745dfa4
alessandraleone.com,AVAILABILITY,domains.list,domains.list,2025-04-28 08:11:54.155778+00:00,b2f3712c0d67a1c61745dfa4
alexandria-locksmithservice.com,AVAILABILITY,domains.list,domains.list,2025-04-28 08:11:54.795250+00:00,b2f3712c0d67a1c61745dfa4
alexianer-service.de,AVAILABILITY,domains.list,domains.list,2025-04-28 08:11:59.638801+00:00,b2f3712c0d67a1c61745dfa4
alexine.net,AVAILABILITY,domains.list,domains.list,2025-04-28 08:12:00.198925+00:00,b2f3712c0d67a1c61745dfa4
alexxxxpages.info,AVAILABILITY,domains.list,domains.list,2025-04-28 08:12:00.352404+00:00,b2f3712c0d67a1c61745dfa4
alf-img.com,AVAILABILITY,domains.list,domains.list,2025-04-28 08:12:01.116860+00:00,b2f3712c0d67a1c61745dfa4
alfa-img.com,AVAILABILITY,domains.list,domains.list,2025-04-28 08:12:01.271179+00:00,b2f3712c0d67a1c61745dfa4
alfa-medosmotr.ru,AVAILABILITY,domains.list,domains.list,2025-04-28 08:12:01.646655+00:00,b2f3712c0d67a1c61745dfa4
alfa-search.com,AVAILABILITY,domains.list,domains.list,2025-04-28 08:12:06.022630+00:00,b2f3712c0d67a1c61745dfa4
alfa9.com,AVAILABILITY,domains.list,domains.list,2025-04-28 08:12:16.243297+00:00,b2f3712c0d67a1c61745dfa4
alfalakgifts.com,AVAILABILITY,domains.list,domains.list,2025-04-28 08:12:16.380043+00:00,b2f3712c0d67a1c61745dfa4
alfapro.ru,AVAILABILITY,domains.list,domains.list,2025-04-28 08:12:17.117972+00:00,b2f3712c0d67a1c61745dfa4
algerianembassy.co.in,AVAILABILITY,domains.list,domains.list,2025-04-28 08:12:18.406380+00:00,b2f3712c0d67a1c61745dfa4
algodon.net,AVAILABILITY,domains.list,domains.list,2025-04-28 08:12:18.547338+00:00,b2f3712c0d67a1c61745dfa4
alibestsale.com,AVAILABILITY,domains.list,domains.list,2025-04-28 08:12:18.669044+00:00,b2f3712c0d67a1c61745dfa4
alice20.free.fr,AVAILABILITY,domains.list,domains.list,2025-04-28 08:12:19.754669+00:00,b2f3712c0d67a1c61745dfa4
aliciatrans.free.fr,AVAILABILITY,domains.list,domains.list,2025-04-28 08:12:20.742006+00:00,b2f3712c0d67a1c61745dfa4
aliclonepro.xyz,AVAILABILITY,domains.list,domains.list,2025-04-28 08:12:20.889708+00:00,b2f3712c0d67a1c61745dfa4
aliecspres.com,AVAILABILITY,domains.list,domains.list,2025-04-28 08:12:29.183893+00:00,b2f3712c0d67a1c61745dfa4
alif-ba-ta.com,AVAILABILITY,domains.list,domains.list,2025-04-28 08:12:29.307618+00:00,b2f3712c0d67a1c61745dfa4
alini.de,AVAILABILITY,domains.list,domains.list,2025-04-28 08:12:31.481329+00:00,b2f3712c0d67a1c61745dfa4
alirey.com,AVAILABILITY,domains.list,domains.list,2025-04-28 08:12:34.002546+00:00,b2f3712c0d67a1c61745dfa4
alisatilsner.com,AVAILABILITY,domains.list,domains.list,2025-04-28 08:12:36.077882+00:00,b2f3712c0d67a1c61745dfa4
alive-ua.com,AVAILABILITY,domains.list,domains.list,2025-04-28 08:12:36.535745+00:00,b2f3712c0d67a1c61745dfa4
alizedusud.free.fr,AVAILABILITY,domains.list,domains.list,2025-04-28 08:12:37.575772+00:00,b2f3712c0d67a1c61745dfa4
aljassarengineering.com,AVAILABILITY,domains.list,domains.list,2025-04-28 08:12:41.030826+00:00,b2f3712c0d67a1c61745dfa4
all.alisatilsner.com,AVAILABILITY,domains.list,domains.list,2025-04-28 08:12:41.879769+00:00,b2f3712c0d67a1c61745dfa4
all4wap.ru,AVAILABILITY,domains.list,domains.list,2025-04-28 08:12:43.218933+00:00,b2f3712c0d67a1c61745dfa4
allanimehentai.com,AVAILABILITY,domains.list,domains.list,2025-04-28 08:12:43.672210+00:00,b2f3712c0d67a1c61745dfa4
allboard.xobor.de,AVAILABILITY,domains.list,domains.list,2025-04-28 08:12:44.434670+00:00,b2f3712c0d67a1c61745dfa4
allcredits.su,AVAILABILITY,domains.list,domains.list,2025-04-28 08:12:44.763278+00:00,b2f3712c0d67a1c61745dfa4
allergiques.com,AVAILABILITY,domains.list,domains.list,2025-04-28 08:12:45.285526+00:00,b2f3712c0d67a1c61745dfa4
allergycenter.info,AVAILABILITY,domains.list,domains.list,2025-04-28 08:12:47.781026+00:00,b2f3712c0d67a1c61745dfa4
alleron.andree.free.fr,AVAILABILITY,domains.list,domains.list,2025-04-28 08:12:48.913898+00:00,b2f3712c0d67a1c61745dfa4
allo-sexe.com,AVAILABILITY,domains.list,domains.list,2025-04-28 08:12:49.037678+00:00,b2f3712c0d67a1c61745dfa4
allornamenti.com,AVAILABILITY,domains.list,domains.list,2025-04-28 08:12:49.160154+00:00,b2f3712c0d67a1c61745dfa4
alloysteel.ru,AVAILABILITY,domains.list,domains.list,2025-04-28 08:12:50.293102+00:00,b2f3712c0d67a1c61745dfa4
allpdfmags.net,AVAILABILITY,domains.list,domains.list,2025-04-28 08:12:51.461934+00:00,b2f3712c0d67a1c61745dfa4
amateurs-cam.0my.net,AVAILABILITY,domains.list,domains.list,2025-04-28 08:12:51.726295+00:00,b2f3712c0d67a1c61745dfa4
amateurs.jerkr.com,AVAILABILITY,domains.list,domains.list,2025-04-28 08:12:52.910567+00:00,b2f3712c0d67a1c61745dfa4
amateursconvert.com,AVAILABILITY,domains.list,domains.list,2025-04-28 08:12:58.963609+00:00,b2f3712c0d67a1c61745dfa4
amateursexdvd.com,AVAILABILITY,domains.list,domains.list,2025-04-28 08:12:59.193430+00:00,b2f3712c0d67a1c61745dfa4
amateursexplace.com,AVAILABILITY,domains.list,domains.list,2025-04-28 08:12:59.317143+00:00,b2f3712c0d67a1c61745dfa4
amateurspain.com,AVAILABILITY,domains.list,domains.list,2025-04-28 08:13:00.341341+00:00,b2f3712c0d67a1c61745dfa4
amateurtour.biz,AVAILABILITY,domains.list,domains.list,2025-04-28 08:13:00.589895+00:00,b2f3712c0d67a1c61745dfa4
amateurwifevids.com,AVAILABILITY,domains.list,domains.list,2025-04-28 08:13:00.710601+00:00,b2f3712c0d67a1c61745dfa4
amatrice-partouzeuse.com,AVAILABILITY,domains.list,domains.list,2025-04-28 08:13:13.730610+00:00,b2f3712c0d67a1c61745dfa4
amatrices-sexy.fr,AVAILABILITY,domains.list,domains.list,2025-04-28 08:13:13.855930+00:00,b2f3712c0d67a1c61745dfa4
amatrixe.free.fr,AVAILABILITY,domains.list,domains.list,2025-04-28 08:13:14.687769+00:00,b2f3712c0d67a1c61745dfa4
amatvideo.free.fr,AVAILABILITY,domains.list,domains.list,2025-04-28 08:13:16.000752+00:00,b2f3712c0d67a1c61745dfa4
ampower.me,AVAILABILITY,domains.list,domains.list,2025-04-28 08:13:16.683207+00:00,b2f3712c0d67a1c61745dfa4
amt-k.ru,AVAILABILITY,domains.list,domains.list,2025-04-28 08:13:20.142855+00:00,b2f3712c0d67a1c61745dfa4
amung.us,AVAILABILITY,domains.list,domains.list,2025-04-28 08:13:20.505668+00:00,b2f3712c0d67a1c61745dfa4
amwatching.com,AVAILABILITY,domains.list,domains.list,2025-04-28 08:13:20.770456+00:00,b2f3712c0d67a1c61745dfa4
an-donut.com,AVAILABILITY,domains.list,domains.list,2025-04-28 08:13:20.895786+00:00,b2f3712c0d67a1c61745dfa4
anal-acrobats.com,AVAILABILITY,domains.list,domains.list,2025-04-28 08:13:21.682434+00:00,b2f3712c0d67a1c61745dfa4
anal-et-sodomie.com,AVAILABILITY,domains.list,domains.list,2025-04-28 08:13:23.301416+00:00,b2f3712c0d67a1c61745dfa4
anal-love.net,AVAILABILITY,domains.list,domains.list,2025-04-28 08:13:23.423509+00:00,b2f3712c0d67a1c61745dfa4
anal-pictures.biz,AVAILABILITY,domains.list,domains.list,2025-04-28 08:13:23.971555+00:00,b2f3712c0d67a1c61745dfa4
anal-videos-photos.com,AVAILABILITY,domains.list,domains.list,2025-04-28 08:13:24.094008+00:00,b2f3712c0d67a1c61745dfa4
anal.cx,AVAILABILITY,domains.list,domains.list,2025-04-28 08:13:24.214946+00:00,b2f3712c0d67a1c61745dfa4
analcreampie.net,AVAILABILITY,domains.list,domains.list,2025-04-28 08:13:25.910244+00:00,b2f3712c0d67a1c61745dfa4
analdude.com,AVAILABILITY,domains.list,domains.list,2025-04-28 08:13:26.231517+00:00,b2f3712c0d67a1c61745dfa4
analog.cell.phone.service.sms13.de,AVAILABILITY,domains.list,domains.list,2025-04-28 08:13:27.185347+00:00,b2f3712c0d67a1c61745dfa4
analog.sms13.de,AVAILABILITY,domains.list,domains.list,2025-04-28 08:13:27.778257+00:00,b2f3712c0d67a1c61745dfa4
analpics.net,AVAILABILITY,domains.list,domains.list,2025-04-28 08:13:27.900107+00:00,b2f3712c0d67a1c61745dfa4
ananashotel.com,AVAILABILITY,domains.list,domains.list,2025-04-28 08:13:28.117047+00:00,b2f3712c0d67a1c61745dfa4
anatomytrains.co.uk,AVAILABILITY,domains.list,domains.list,2025-04-28 08:13:33.402205+00:00,b2f3712c0d67a1c61745dfa4
anbstudios.com,AVAILABILITY,domains.list,domains.list,2025-04-28 08:13:33.628383+00:00,b2f3712c0d67a1c61745dfa4
andersondiamonds.com,AVAILABILITY,domains.list,domains.list,2025-04-28 08:13:33.869853+00:00,b2f3712c0d67a1c61745dfa4
andrewrobertsllc.info,AVAILABILITY,domains.list,domains.list,2025-04-28 08:13:34.020021+00:00,b2f3712c0d67a1c61745dfa4
android-style.com,AVAILABILITY,domains.list,domains.list,2025-04-28 08:13:34.141275+00:00,b2f3712c0d67a1c61745dfa4
anduongjsc.com,AVAILABILITY,domains.list,domains.list,2025-04-28 08:13:34.261620+00:00,b2f3712c0d67a1c61745dfa4
andydill.com,AVAILABILITY,domains.list,domains.list,2025-04-28 08:13:34.587872+00:00,b2f3712c0d67a1c61745dfa4
anews.cc,AVAILABILITY,domains.list,domains.list,2025-04-28 08:13:34.711521+00:00,b2f3712c0d67a1c61745dfa4
anewyoufitness.com,AVAILABILITY,domains.list,domains.list,2025-04-28 08:13:35.984050+00:00,b2f3712c0d67a1c61745dfa4
angelalittle.net,AVAILABILITY,domains.list,domains.list,2025-04-28 08:13:38.480606+00:00,b2f3712c0d67a1c61745dfa4
angelas-place.com,AVAILABILITY,domains.list,domains.list,2025-04-28 08:13:38.625607+00:00,b2f3712c0d67a1c61745dfa4
angelbetting.com,AVAILABILITY,domains.list,domains.list,2025-04-28 08:13:38.766427+00:00,b2f3712c0d67a1c61745dfa4
angelinfo.com,AVAILABILITY,domains.list,domains.list,2025-04-28 08:13:39.228496+00:00,b2f3712c0d67a1c61745dfa4
angelinna.free.fr,AVAILABILITY,domains.list,domains.list,2025-04-28 08:13:40.175421+00:00,b2f3712c0d67a1c61745dfa4
animadulte.com,AVAILABILITY,domains.list,domains.list,2025-04-28 08:13:41.191520+00:00,b2f3712c0d67a1c61745dfa4
animal-drawings.com,AVAILABILITY,domains.list,domains.list,2025-04-28 08:13:41.791709+00:00,b2f3712c0d67a1c61745dfa4
animal36.com,AVAILABILITY,domains.list,domains.list,2025-04-28 08:13:41.914083+00:00,b2f3712c0d67a1c61745dfa4
animalcum.net,AVAILABILITY,domains.list,domains.list,2025-04-28 08:13:42.037827+00:00,b2f3712c0d67a1c61745dfa4
annotated802.site,AVAILABILITY,domains.list,domains.list,2025-04-28 08:13:42.158245+00:00,b2f3712c0d67a1c61745dfa4
antcompany.com,AVAILABILITY,domains.list,domains.list,2025-04-28 08:13:46.902983+00:00,b2f3712c0d67a1c61745dfa4
anticodistretto.com,AVAILABILITY,domains.list,domains.list,2025-04-28 08:13:57.176974+00:00,b2f3712c0d67a1c61745dfa4
anticosm.com,AVAILABILITY,domains.list,domains.list,2025-04-28 08:13:58.834823+00:00,b2f3712c0d67a1c61745dfa4
antifa.co.at,AVAILABILITY,domains.list,domains.list,2025-04-28 08:14:05.942192+00:00,b2f3712c0d67a1c61745dfa4
apepix.com,AVAILABILITY,domains.list,domains.list,2025-04-28 08:14:06.672733+00:00,b2f3712c0d67a1c61745dfa4
aphrodisia01.free.fr,AVAILABILITY,domains.list,domains.list,2025-04-28 08:14:07.716206+00:00,b2f3712c0d67a1c61745dfa4
appyaviator.com,AVAILABILITY,domains.list,domains.list,2025-04-28 08:14:07.855056+00:00,b2f3712c0d67a1c61745dfa4
arsinvest.it,AVAILABILITY,domains.list,domains.list,2025-04-28 08:14:08.327692+00:00,b2f3712c0d67a1c61745dfa4
ashlynnbrookevideos.com,AVAILABILITY,domains.list,domains.list,2025-04-28 08:14:09.068099+00:00,b2f3712c0d67a1c61745dfa4
atfitreasonyou.live,AVAILABILITY,domains.list,domains.list,2025-04-28 08:14:09.264904+00:00,b2f3712c0d67a1c61745dfa4
aviodg.eu,AVAILABILITY,domains.list,domains.list,2025-04-28 08:14:15.532153+00:00,b2f3712c0d67a1c61745dfa4
avitocars.ru,AVAILABILITY,domains.list,domains.list,2025-04-28 08:14:20.051958+00:00,b2f3712c0d67a1c61745dfa4
avixxx.com,AVAILABILITY,domains.list,domains.list,2025-04-28 08:14:20.510729+00:00,b2f3712c0d67a1c61745dfa4
avkzarabotok.info,AVAILABILITY,domains.list,domains.list,2025-04-28 08:14:20.673062+00:00,b2f3712c0d67a1c61745dfa4
avoidaroid.com,AVAILABILITY,domains.list,domains.list,2025-04-28 08:14:21.020934+00:00,b2f3712c0d67a1c61745dfa4
avoidfilter.net,AVAILABILITY,domains.list,domains.list,2025-04-28 08:14:21.142353+00:00,b2f3712c0d67a1c61745dfa4
avon-severozapad.ru,AVAILABILITY,domains.list,domains.list,2025-04-28 08:14:21.367566+00:00,b2f3712c0d67a1c61745dfa4
avon-ukraine.com,AVAILABILITY,domains.list,domains.list,2025-04-28 08:14:21.493034+00:00,b2f3712c0d67a1c61745dfa4
avpayments.com,AVAILABILITY,domains.list,domains.list,2025-04-28 08:14:21.717366+00:00,b2f3712c0d67a1c61745dfa4
avramstroy.ru,AVAILABILITY,domains.list,domains.list,2025-04-28 08:14:22.616873+00:00,b2f3712c0d67a1c61745dfa4
ayerbo.xhost.ro,AVAILABILITY,domains.list,domains.list,2025-04-28 08:14:24.702513+00:00,b2f3712c0d67a1c61745dfa4
azulerie.it,AVAILABILITY,domains.list,domains.list,2025-04-28 08:14:25.023095+00:00,b2f3712c0d67a1c61745dfa4
babsy.foreverhorny.com,AVAILABILITY,domains.list,domains.list,2025-04-28 08:14:25.156603+00:00,b2f3712c0d67a1c61745dfa4
babylyst.com,AVAILABILITY,domains.list,domains.list,2025-04-28 08:14:25.393860+00:00,b2f3712c0d67a1c61745dfa4
babywantsbling.com,AVAILABILITY,domains.list,domains.list,2025-04-28 08:14:25.515600+00:00,b2f3712c0d67a1c61745dfa4
bacanal.cl,AVAILABILITY,domains.list,domains.list,2025-04-28 08:14:25.635274+00:00,b2f3712c0d67a1c61745dfa4
back.dog,AVAILABILITY,domains.list,domains.list,2025-04-28 08:14:25.799772+00:00,b2f3712c0d67a1c61745dfa4
backalleyblowjobs.com,AVAILABILITY,domains.list,domains.list,2025-04-28 08:14:26.106534+00:00,b2f3712c0d67a1c61745dfa4
backdoor.thumblogger.com,AVAILABILITY,domains.list,domains.list,2025-04-28 08:14:26.664559+00:00,b2f3712c0d67a1c61745dfa4
backgroundpictures.net,AVAILABILITY,domains.list,domains.list,2025-04-28 08:14:26.789287+00:00,b2f3712c0d67a1c61745dfa4
backlink4u.net,AVAILABILITY,domains.list,domains.list,2025-04-28 08:14:29.292111+00:00,b2f3712c0d67a1c61745dfa4
backlinkwatch.com,AVAILABILITY,domains.list,domains.list,2025-04-28 08:14:30.278367+00:00,b2f3712c0d67a1c61745dfa4
backofficellc.com,AVAILABILITY,domains.list,domains.list,2025-04-28 08:14:30.769156+00:00,b2f3712c0d67a1c61745dfa4
backpaininstantrelief.com,AVAILABILITY,domains.list,domains.list,2025-04-28 08:14:32.582633+00:00,b2f3712c0d67a1c61745dfa4
backuperwebcam.weebly.com,AVAILABILITY,domains.list,domains.list,2025-04-28 08:14:32.949847+00:00,b2f3712c0d67a1c61745dfa4
backvids.com,AVAILABILITY,domains.list,domains.list,2025-04-28 08:14:33.070323+00:00,b2f3712c0d67a1c61745dfa4
bag.mobile.system.video.sms13.de,AVAILABILITY,domains.list,domains.list,2025-04-28 08:14:33.910375+00:00,b2f3712c0d67a1c61745dfa4
bagsonsale.online,AVAILABILITY,domains.list,domains.list,2025-04-28 08:14:34.050493+00:00,b2f3712c0d67a1c61745dfa4
barmillevani.it,AVAILABILITY,domains.list,domains.list,2025-04-28 08:14:34.213405+00:00,b2f3712c0d67a1c61745dfa4
beamfall.info,AVAILABILITY,domains.list,domains.list,2025-04-28 08:14:34.363247+00:00,b2f3712c0d67a1c61745dfa4
casaemily.it,AVAILABILITY,domains.list,domains.list,2025-04-28 08:14:34.781261+00:00,b2f3712c0d67a1c61745dfa4
casalespinazzella.it,AVAILABILITY,domains.list,domains.list,2025-04-28 08:14:35.005479+00:00,b2f3712c0d67a1c61745dfa4
cascinamolinodellapaglia.it,AVAILABILITY,domains.list,domains.list,2025-04-28 08:14:35.165289+00:00,b2f3712c0d67a1c61745dfa4
chalet-volpi.it,AVAILABILITY,domains.list,domains.list,2025-04-28 08:14:35.386966+00:00,b2f3712c0d67a1c61745dfa4
chithra629.site,AVAILABILITY,domains.list,domains.list,2025-04-28 08:14:35.506709+00:00,b2f3712c0d67a1c61745dfa4
cialisforsalecialiscostcye.com,AVAILABILITY,domains.list,domains.list,2025-04-28 08:14:35.798085+00:00,b2f3712c0d67a1c61745dfa4
cialismed.com,AVAILABILITY,domains.list,domains.list,2025-04-28 08:14:36.060501+00:00,b2f3712c0d67a1c61745dfa4
cialiswithoutadoctor.net,AVAILABILITY,domains.list,domains.list,2025-04-28 08:14:36.200084+00:00,b2f3712c0d67a1c61745dfa4
cibersexo.eu,AVAILABILITY,domains.list,domains.list,2025-04-28 08:14:37.688304+00:00,b2f3712c0d67a1c61745dfa4
ciceklioglu.com,AVAILABILITY,domains.list,domains.list,2025-04-28 08:14:38.687251+00:00,b2f3712c0d67a1c61745dfa4
ciel7.free.fr,AVAILABILITY,domains.list,domains.list,2025-04-28 08:14:39.784203+00:00,b2f3712c0d67a1c61745dfa4
cienum.fr,AVAILABILITY,domains.list,domains.list,2025-04-28 08:14:50.098800+00:00,b2f3712c0d67a1c61745dfa4
cif.su,AVAILABILITY,domains.list,domains.list,2025-04-28 08:14:51.132165+00:00,b2f3712c0d67a1c61745dfa4
cigar.pt,AVAILABILITY,domains.list,domains.list,2025-04-28 08:14:51.274835+00:00,b2f3712c0d67a1c61745dfa4
cigarette-online.com,AVAILABILITY,domains.list,domains.list,2025-04-28 08:14:51.517111+00:00,b2f3712c0d67a1c61745dfa4
cindyintim.de,AVAILABILITY,domains.list,domains.list,2025-04-28 08:14:52.811340+00:00,b2f3712c0d67a1c61745dfa4
cinedaily.com,AVAILABILITY,domains.list,domains.list,2025-04-28 08:14:53.797442+00:00,b2f3712c0d67a1c61745dfa4
cineface.com,AVAILABILITY,domains.list,domains.list,2025-04-28 08:14:54.052846+00:00,b2f3712c0d67a1c61745dfa4
cinema3satu.com,AVAILABILITY,domains.list,domains.list,2025-04-28 08:14:54.176489+00:00,b2f3712c0d67a1c61745dfa4
cinemabio.com,AVAILABILITY,domains.list,domains.list,2025-04-28 08:14:54.337964+00:00,b2f3712c0d67a1c61745dfa4
cinematraffic.com,AVAILABILITY,domains.list,domains.list,2025-04-28 08:14:54.463754+00:00,b2f3712c0d67a1c61745dfa4
cinepornox.com,AVAILABILITY,domains.list,domains.list,2025-04-28 08:14:54.595015+00:00,b2f3712c0d67a1c61745dfa4
cinepro.com,AVAILABILITY,domains.list,domains.list,2025-04-28 08:14:54.895374+00:00,b2f3712c0d67a1c61745dfa4
cingualr.com,AVAILABILITY,domains.list,domains.list,2025-04-28 08:14:55.019021+00:00,b2f3712c0d67a1c61745dfa4
collector-hpn.cliqz.com,AVAILABILITY,domains.list,domains.list,2025-04-28 08:15:05.562096+00:00,b2f3712c0d67a1c61745dfa4
collector.hpn.cliqz.com,AVAILABILITY,domains.list,domains.list,2025-04-28 08:15:15.895737+00:00,b2f3712c0d67a1c61745dfa4
com-reports.com,AVAILABILITY,domains.list,domains.list,2025-04-28 08:15:16.018839+00:00,b2f3712c0d67a1c61745dfa4
comeisolarecasa.it,AVAILABILITY,domains.list,domains.list,2025-04-28 08:15:16.178869+00:00,b2f3712c0d67a1c61745dfa4
communisave.co.za,AVAILABILITY,domains.list,domains.list,2025-04-28 08:15:17.764414+00:00,b2f3712c0d67a1c61745dfa4
communitypetclinicmanteca.com,AVAILABILITY,domains.list,domains.list,2025-04-28 08:15:17.985873+00:00,b2f3712c0d67a1c61745dfa4
companies-catalog.com,AVAILABILITY,domains.list,domains.list,2025-04-28 08:15:18.125607+00:00,b2f3712c0d67a1c61745dfa4
company.com.ph,AVAILABILITY,domains.list,domains.list,2025-04-28 08:15:18.488612+00:00,b2f3712c0d67a1c61745dfa4
compassenergyservices.com,AVAILABILITY,domains.list,domains.list,2025-04-28 08:15:18.723248+00:00,b2f3712c0d67a1c61745dfa4
compitte.com,AVAILABILITY,domains.list,domains.list,2025-04-28 08:15:21.756833+00:00,b2f3712c0d67a1c61745dfa4
compositefarming.com,AVAILABILITY,domains.list,domains.list,2025-04-28 08:15:22.019452+00:00,b2f3712c0d67a1c61745dfa4
comprafacil.com.br,AVAILABILITY,domains.list,domains.list,2025-04-28 08:15:23.913045+00:00,b2f3712c0d67a1c61745dfa4
compucelunlock.net,AVAILABILITY,domains.list,domains.list,2025-04-28 08:15:25.715137+00:00,b2f3712c0d67a1c61745dfa4
comsalud360.com,AVAILABILITY,domains.list,domains.list,2025-04-28 08:15:26.108917+00:00,b2f3712c0d67a1c61745dfa4
comsprague.com,AVAILABILITY,domains.list,domains.list,2025-04-28 08:15:29.337560+00:00,b2f3712c0d67a1c61745dfa4
comsysnet.com,AVAILABILITY,domains.list,domains.list,2025-04-28 08:15:29.460285+00:00,b2f3712c0d67a1c61745dfa4
construfuturo.com.mx,AVAILABILITY,domains.list,domains.list,2025-04-28 08:15:29.857883+00:00,b2f3712c0d67a1c61745dfa4
construmac.com.mx,AVAILABILITY,domains.list,domains.list,2025-04-28 08:15:30.164234+00:00,b2f3712c0d67a1c61745dfa4
consultant-online.ru,AVAILABILITY,domains.list,domains.list,2025-04-28 08:15:31.735307+00:00,b2f3712c0d67a1c61745dfa4
contactos-gay.com,AVAILABILITY,domains.list,domains.list,2025-04-28 08:15:31.859767+00:00,b2f3712c0d67a1c61745dfa4
content.seerealgirls.com,AVAILABILITY,domains.list,domains.list,2025-04-28 08:15:32.137422+00:00,b2f3712c0d67a1c61745dfa4
contextualyield.com,AVAILABILITY,domains.list,domains.list,2025-04-28 08:15:32.259808+00:00,b2f3712c0d67a1c61745dfa4
controlsecurity.net,AVAILABILITY,domains.list,domains.list,2025-04-28 08:15:32.502782+00:00,b2f3712c0d67a1c61745dfa4
convertwordtoexcel.com,AVAILABILITY,domains.list,domains.list,2025-04-28 08:15:32.630093+00:00,b2f3712c0d67a1c61745dfa4
coocomall.com,AVAILABILITY,domains.list,domains.list,2025-04-28 08:15:32.824433+00:00,b2f3712c0d67a1c61745dfa4
cookevegas.com,AVAILABILITY,domains.list,domains.list,2025-04-28 08:15:33.072546+00:00,b2f3712c0d67a1c61745dfa4
cookielawblog.wordpress.com,AVAILABILITY,domains.list,domains.list,2025-04-28 08:15:33.359113+00:00,b2f3712c0d67a1c61745dfa4
cookingmeat.ru,AVAILABILITY,domains.list,domains.list,2025-04-28 08:15:35.435897+00:00,b2f3712c0d67a1c61745dfa4
cooknfit.com,AVAILABILITY,domains.list,domains.list,2025-04-28 08:15:35.561554+00:00,b2f3712c0d67a1c61745dfa4
coolemailnames.com,AVAILABILITY,domains.list,domains.list,2025-04-28 08:15:35.796178+00:00,b2f3712c0d67a1c61745dfa4
creativemindhacks.com,AVAILABILITY,domains.list,domains.list,2025-04-28 08:15:35.920174+00:00,b2f3712c0d67a1c61745dfa4
creativeteam.it,AVAILABILITY,domains.list,domains.list,2025-04-28 08:15:36.074780+00:00,b2f3712c0d67a1c61745dfa4
crystalslot.com,AVAILABILITY,domains.list,domains.list,2025-04-28 08:15:37.344378+00:00,b2f3712c0d67a1c61745dfa4
cs-gra.pl,AVAILABILITY,domains.list,domains.list,2025-04-28 08:15:38.558707+00:00,b2f3712c0d67a1c61745dfa4
cs1g.com,AVAILABILITY,domains.list,domains.list,2025-04-28 08:15:39.485198+00:00,b2f3712c0d67a1c61745dfa4
cs6hm.com,AVAILABILITY,domains.list,domains.list,2025-04-28 08:15:39.609354+00:00,b2f3712c0d67a1c61745dfa4
csgo-jackpot.net,AVAILABILITY,domains.list,domains.list,2025-04-28 08:15:39.730971+00:00,b2f3712c0d67a1c61745dfa4
csk.ru,AVAILABILITY,domains.list,domains.list,2025-04-28 08:15:40.389357+00:00,b2f3712c0d67a1c61745dfa4
cstrespsurvey.ca,AVAILABILITY,domains.list,domains.list,2025-04-28 08:15:50.557199+00:00,b2f3712c0d67a1c61745dfa4
damafinimmobiliare.it,AVAILABILITY,domains.list,domains.list,2025-04-28 08:15:51.038623+00:00,b2f3712c0d67a1c61745dfa4
distribuzionevolantinaggio.it,AVAILABILITY,domains.list,domains.list,2025-04-28 08:15:51.198977+00:00,b2f3712c0d67a1c61745dfa4
docs.pipenv.org,AVAILABILITY,domains.list,domains.list,2025-04-28 08:15:52.180349+00:00,b2f3712c0d67a1c61745dfa4
e-zeitung.de,AVAILABILITY,domains.list,domains.list,2025-04-28 08:16:13.388497+00:00,b2f3712c0d67a1c61745dfa4
easymetal.it,AVAILABILITY,domains.list,domains.list,2025-04-28 08:16:13.552205+00:00,b2f3712c0d67a1c61745dfa4
ensinger964.site,AVAILABILITY,domains.list,domains.list,2025-04-28 08:16:13.672606+00:00,b2f3712c0d67a1c61745dfa4
enterprise327.site,AVAILABILITY,domains.list,domains.list,2025-04-28 08:16:13.793628+00:00,b2f3712c0d67a1c61745dfa4
eremogaudio.it,AVAILABILITY,domains.list,domains.list,2025-04-28 08:16:13.935032+00:00,b2f3712c0d67a1c61745dfa4
espritensemble.com,AVAILABILITY,domains.list,domains.list,2025-04-28 08:16:14.418418+00:00,b2f3712c0d67a1c61745dfa4
essereessenza.it,AVAILABILITY,domains.list,domains.list,2025-04-28 08:16:14.558309+00:00,b2f3712c0d67a1c61745dfa4
etemis.com,AVAILABILITY,domains.list,domains.list,2025-04-28 08:16:14.856297+00:00,b2f3712c0d67a1c61745dfa4
ethan.wang,AVAILABILITY,domains.list,domains.list,2025-04-28 08:16:15.543903+00:00,b2f3712c0d67a1c61745dfa4
ethanslayton.com,AVAILABILITY,domains.list,domains.list,2025-04-28 08:16:15.668449+00:00,b2f3712c0d67a1c61745dfa4
ethnicafrique.com,AVAILABILITY,domains.list,domains.list,2025-04-28 08:16:15.793024+00:00,b2f3712c0d67a1c61745dfa4
ethnicking.com,AVAILABILITY,domains.list,domains.list,2025-04-28 08:16:15.933293+00:00,b2f3712c0d67a1c61745dfa4
etisalatebill.net,AVAILABILITY,domains.list,domains.list,2025-04-28 08:16:16.072045+00:00,b2f3712c0d67a1c61745dfa4
etm-consult.de,AVAILABILITY,domains.list,domains.list,2025-04-28 08:16:18.166504+00:00,b2f3712c0d67a1c61745dfa4
eu-cookie-law.info,AVAILABILITY,domains.list,domains.list,2025-04-28 08:16:18.344847+00:00,b2f3712c0d67a1c61745dfa4
eu-survey.com,AVAILABILITY,domains.list,domains.list,2025-04-28 08:16:18.776096+00:00,b2f3712c0d67a1c61745dfa4
euadoroisso.com.br,AVAILABILITY,domains.list,domains.list,2025-04-28 08:16:21.290472+00:00,b2f3712c0d67a1c61745dfa4
eupornstar.info,AVAILABILITY,domains.list,domains.list,2025-04-28 08:16:22.788319+00:00,b2f3712c0d67a1c61745dfa4
euro-option.info,AVAILABILITY,domains.list,domains.list,2025-04-28 08:16:22.931977+00:00,b2f3712c0d67a1c61745dfa4
eurospanker.com,AVAILABILITY,domains.list,domains.list,2025-04-28 08:16:23.062822+00:00,b2f3712c0d67a1c61745dfa4
eurovisions.free.fr,AVAILABILITY,domains.list,domains.list,2025-04-28 08:16:24.537143+00:00,b2f3712c0d67a1c61745dfa4
evaporator558.site,AVAILABILITY,domains.list,domains.list,2025-04-28 08:16:24.660860+00:00,b2f3712c0d67a1c61745dfa4
event-tracking.com,AVAILABILITY,domains.list,domains.list,2025-04-28 08:16:25.240961+00:00,b2f3712c0d67a1c61745dfa4
everestclick.com,AVAILABILITY,domains.list,domains.list,2025-04-28 08:16:25.450143+00:00,b2f3712c0d67a1c61745dfa4
every-day.net,AVAILABILITY,domains.list,domains.list,2025-04-28 08:16:27.230321+00:00,b2f3712c0d67a1c61745dfa4
everydresses.com,AVAILABILITY,domains.list,domains.list,2025-04-28 08:16:27.355827+00:00,b2f3712c0d67a1c61745dfa4
everytalk.tv,AVAILABILITY,domains.list,domains.list,2025-04-28 08:16:27.477533+00:00,b2f3712c0d67a1c61745dfa4
everythingisstory.com,AVAILABILITY,domains.list,domains.list,2025-04-28 08:16:27.601186+00:00,b2f3712c0d67a1c61745dfa4
evesaddictin.com,AVAILABILITY,domains.list,domains.list,2025-04-28 08:16:27.724625+00:00,b2f3712c0d67a1c61745dfa4
evidencecleanergold.com,AVAILABILITY,domains.list,domains.list,2025-04-28 08:16:27.849065+00:00,b2f3712c0d67a1c61745dfa4
evil69.com,AVAILABILITY,domains.list,domains.list,2025-04-28 08:16:28.194206+00:00,b2f3712c0d67a1c61745dfa4
evile.co.uk,AVAILABILITY,domains.list,domains.list,2025-04-28 08:16:28.562045+00:00,b2f3712c0d67a1c61745dfa4
evkc.com,AVAILABILITY,domains.list,domains.list,2025-04-28 08:16:28.808477+00:00,b2f3712c0d67a1c61745dfa4
evogarage.com,AVAILABILITY,domains.list,domains.list,2025-04-28 08:16:29.688138+00:00,b2f3712c0d67a1c61745dfa4
exhibenfrance.com,AVAILABILITY,domains.list,domains.list,2025-04-28 08:16:30.911789+00:00,b2f3712c0d67a1c61745dfa4
exhibits4court.com,AVAILABILITY,domains.list,domains.list,2025-04-28 08:16:31.950635+00:00,b2f3712c0d67a1c61745dfa4
falcoware.com,AVAILABILITY,domains.list,domains.list,2025-04-28 08:16:43.861208+00:00,b2f3712c0d67a1c61745dfa4
familienzahnaerzte.com,AVAILABILITY,domains.list,domains.list,2025-04-28 08:16:44.891753+00:00,b2f3712c0d67a1c61745dfa4
family1st.ca,AVAILABILITY,domains.list,domains.list,2025-04-28 08:16:47.035330+00:00,b2f3712c0d67a1c61745dfa4
familyhomefinance.com.au,AVAILABILITY,domains.list,domains.list,2025-04-28 08:16:50.084891+00:00,b2f3712c0d67a1c61745dfa4
famir.com,AVAILABILITY,domains.list,domains.list,2025-04-28 08:16:50.234184+00:00,b2f3712c0d67a1c61745dfa4
farmafit.it,AVAILABILITY,domains.list,domains.list,2025-04-28 08:17:00.579496+00:00,b2f3712c0d67a1c61745dfa4
